Date,Open,High,Low,Close,MAV20
2018-01-01,14112.2,14112.2,13154.7,13657.2,
2018-01-02,13625,15444.6,13163.6,14982.1,
2018-01-03,14978.2,15572.8,14844.5,15201,
2018-01-04,15270.7,15739.7,14522.2,15599.2,
2018-01-05,15477.2,17705.2,15202.8,17429.5,
2018-01-06,17462.1,17712.4,16764.6,17527,
2018-01-07,17527.3,17579.6,16087.7,16477.6,
2018-01-08,16476.2,16537.9,14208.2,15170.1,
2018-01-09,15123.7,15497.5,14424,14595.4,
2018-01-10,14588.5,14973.3,13691.2,14973.3,
2018-01-11,14968.2,15018.8,13105.9,13405.8,
2018-01-12,13453.9,14229.9,13158.1,13980.6,
2018-01-13,13952.4,14659.5,13952.4,14360.2,
2018-01-14,14370.8,14511.8,13268,13772,
2018-01-15,13767.3,14445.5,13641.7,13819.8,
2018-01-16,13836.1,13843.1,10194.9,11490.5,
2018-01-17,11431.1,11678,9402.29,11188.6,
2018-01-18,11198.8,12107.3,10942.5,11474.9,
2018-01-19,11429.8,11992.8,11172.1,11607.4,
2018-01-20,11656.2,13103,11656.2,12899.2,14180.57
2018-01-21,12889.2,12895.9,11288.2,11600.1,14077.715
2018-01-22,11633.1,11966.4,10240.2,10931.4,13875.18
2018-01-23,10944.5,11377.6,10129.7,10868.4,13658.55
2018-01-24,10903.4,11501.4,10639.8,11359.4,13446.56
2018-01-25,11421.7,11785.7,11057.4,11259.4,13138.055
2018-01-26,11256,11656.7,10470.3,11171.4,12820.275
2018-01-27,11174.9,11614.9,10989.2,11440.7,12568.43
2018-01-28,11475.3,12040.3,11475.3,11786.3,12399.24
2018-01-29,11755.5,11875.6,11179.2,11296.4,12234.29
2018-01-30,11306.8,11307.2,10036.2,10106.3,11990.94
2018-01-31,10108.2,10381.6,9777.42,10221.1,11831.705
2018-02-01,10237.3,10288.8,8812.28,9170.54,11591.202
2018-02-02,9142.28,9142.28,7796.49,8830.75,11314.7295
2018-02-03,8852.12,9430.75,8251.63,9174.91,11084.875
2018-02-04,9175.7,9334.87,8031.22,8277.01,10807.7355
2018-02-05,8270.54,8364.84,6756.68,6955.27,10580.974
2018-02-06,7051.75,7850.7,6048.26,7754,10409.244
2018-02-07,7755.49,8509.11,7236.79,7621.3,10216.564
2018-02-08,7637.86,8558.77,7637.86,8265.59,10049.4735
2018-02-09,8271.84,8736.98,7884.71,8736.98,9841.3625
2018-02-10,8720.08,9122.55,8295.47,8621.9,9692.4525
2018-02-11,8616.13,8616.13,7931.1,8129.97,9552.381
2018-02-12,8141.43,8985.92,8141.43,8926.57,9455.2895
2018-02-13,8926.72,8958.47,8455.41,8598.31,9317.235
2018-02-14,8599.92,9518.54,8599.92,9494.63,9228.9965
2018-02-15,9488.32,10234.8,9395.58,10166.4,9178.7465
2018-02-16,10135.7,10324.1,9824.82,10233.9,9118.4065
2018-02-17,10207.5,11139.5,10149.4,11112.7,9084.7265
2018-02-18,11123.4,11349.8,10326,10551.8,9047.4965
2018-02-19,10552.6,11273.8,10513.2,11225.3,9103.4465
2018-02-20,11231.8,11958.5,11231.8,11403.7,9162.5765
2018-02-21,11372.2,11418.5,10479.1,10690.4,9238.5695
2018-02-22,10660.4,11039.1,9939.09,10005,9297.282
2018-02-23,9937.07,10487.3,9734.56,10301.1,9353.5915
2018-02-24,10287.7,10597.2,9546.97,9813.07,9430.3945
2018-02-25,9796.42,9923.22,9407.06,9664.73,9565.8675
2018-02-26,9669.43,10475,9501.73,10366.7,9696.5025
2018-02-27,10393.9,10878.5,10246.1,10725.6,9851.7175
2018-02-28,10687.2,11089.8,10393.1,10397.9,9958.333
2018-03-01,10385,11052.3,10352.7,10951,10069.034
2018-03-02,10977.4,11189,10850.1,11086.4,10192.259
2018-03-03,11101.9,11528.2,11002.4,11489.7,10360.2455
2018-03-04,11497.4,11512.6,11136.1,11512.6,10489.547
2018-03-05,11532.4,11704.1,11443.9,11573.3,10638.2965
2018-03-06,11500.1,11500.1,10694.3,10779.9,10702.56
2018-03-07,10803.9,10929.5,9692.12,9965.57,10692.5185
2018-03-08,9951.44,10147.4,9335.87,9395.01,10650.574
2018-03-09,9414.69,9466.35,8513.03,9337.55,10561.8165
2018-03-10,9350.59,9531.32,8828.47,8866,10477.5265
2018-03-11,8852.78,9711.89,8607.12,9578.63,10395.193
2018-03-12,9602.93,9937.5,8956.43,9205.12,10285.264
2018-03-13,9173.04,9470.38,8958.19,9194.85,10210.4865
2018-03-14,9214.65,9355.85,8068.59,8269.81,10123.727
2018-03-15,8290.76,8428.35,7783.05,8300.86,10023.715
2018-03-16,8322.91,8585.15,8005.31,8338.35,9949.979
2018-03-17,8321.91,8346.53,7812.82,7916.88,9862.5865
2018-03-18,7890.52,8245.51,7397.99,8223.68,9755.4355
2018-03-19,8344.12,8675.87,8182.4,8630.65,9650.688
2018-03-20,8619.67,9051.02,8389.89,8913.47,9576.4665
2018-03-21,8937.48,9177.37,8846.33,8929.28,9475.3805
2018-03-22,8939.44,9100.71,8564.9,8728.47,9357.484
2018-03-23,8736.25,8879.62,8360.62,8879.62,9226.98
2018-03-24,8901.95,8996.18,8665.7,8668.12,9084.756
2018-03-25,8612.81,8682.01,8449.1,8495.78,8930.88
2018-03-26,8498.47,8530.08,7921.43,8209.4,8802.355
2018-03-27,8200,8232.78,7797.28,7833.04,8695.7285
2018-03-28,7836.83,8122.89,7809.17,7954.48,8623.702
2018-03-29,7979.07,7994.33,7081.38,7165.7,8515.1095
2018-03-30,7171.45,7276.66,6683.93,6890.52,8416.3355
2018-03-31,6892.48,7207.85,6863.52,6973.53,8286.0805
2018-04-01,7003.06,7060.95,6526.87,6844.23,8168.036
2018-04-02,6844.86,7135.47,6816.58,7083.8,8062.4835
2018-04-03,7102.26,7530.94,7072.49,7456.11,8021.7985
2018-04-04,7456.41,7469.88,6803.88,6853.84,7949.4475
2018-04-05,6848.65,6933.82,6644.8,6811.47,7873.1035
2018-04-06,6815.96,6857.49,6575,6636.32,7809.0755
2018-04-07,6630.51,7050.54,6630.51,6911.09,7743.446
2018-04-08,6919.98,7111.56,6919.98,7023.52,7663.0895
2018-04-09,7044.32,7178.11,6661.99,6770.73,7555.9525
2018-04-10,6795.44,6872.41,6704.15,6834.76,7451.2265
2018-04-11,6843.47,6968.32,6817.59,6968.32,7363.219
2018-04-12,6955.38,7899.23,6806.51,7889.25,7313.7005
2018-04-13,7901.09,8183.96,7758.93,7895.96,7275.0925
2018-04-14,7874.67,8140.71,7846,7986.24,7249.6155
2018-04-15,7999.33,8338.42,7999.33,8329.11,7255.601
2018-04-16,8337.57,8371.15,7925.73,8058.67,7266.8825
2018-04-17,8071.66,8285.96,7881.72,7902.09,7264.263
2018-04-18,7944.43,8197.8,7886.01,8163.42,7314.149
2018-04-19,8159.27,8298.69,8138.78,8294.31,7384.3385
2018-04-20,8286.88,8880.23,8244.54,8845.83,7477.9535
2018-04-21,8848.79,8997.57,8652.15,8895.58,7580.521
2018-04-22,8925.06,9001.64,8779.61,8802.46,7666.454
2018-04-23,8794.39,8958.55,8788.81,8930.88,7740.1925
2018-04-24,8934.34,9732.61,8927.83,9697.5,7882.3755
2018-04-25,9701.03,9745.32,8799.84,8845.74,7984.089
2018-04-26,8867.32,9281.51,8727.09,9281.51,8116.3485
2018-04-27,9290.63,9375.47,8987.05,8987.05,8220.1465
2018-04-28,8939.27,9412.09,8931.99,9348.48,8336.3945
2018-04-29,9346.41,9531.49,9193.71,9419.08,8468.812
2018-04-30,9426.11,9477.14,9166.81,9240.55,8589.1015
2018-05-01,9251.47,9255.88,8891.05,9119.01,8696.636
2018-05-02,9104.6,9256.52,9015.14,9235.92,8763.9695
2018-05-03,9233.97,9798.33,9188.15,9743.86,8856.3645
2018-05-04,9695.5,9779.2,9585.96,9700.76,8942.0905
2018-05-05,9700.28,9964.5,9695.12,9858.15,9018.5425
2018-05-06,9845.31,9940.14,9465.25,9654.8,9098.349
2018-05-07,9645.67,9665.85,9231.53,9373.01,9171.895
2018-05-08,9380.87,9462.75,9127.77,9234.82,9225.465
2018-05-09,9223.73,9374.76,9031.62,9325.18,9277.0085
2018-05-10,9325.96,9396.04,9040.52,9043.94,9286.914
2018-05-11,9052.96,9052.96,8394.46,8441.49,9264.2095
2018-05-12,8441.44,8664.86,8223.5,8504.89,9249.331
2018-05-13,8515.49,8773.55,8395.12,8723.94,9238.984
2018-05-14,8713.1,8881.12,8367.97,8716.79,9189.9485
2018-05-15,8705.19,8836.19,8456.45,8510.38,9173.1805
2018-05-16,8504.41,8508.43,8175.49,8368.83,9127.5465
2018-05-17,8370.05,8445.54,8054.12,8094.32,9082.91
2018-05-18,8091.83,8274.12,7974.82,8250.97,9028.0345
2018-05-19,8255.73,8372.06,8183.35,8247.18,8969.4395
2018-05-20,8246.99,8562.41,8205.24,8513.25,8933.0745
2018-05-21,8522.33,8557.52,8365.12,8418.99,8898.0735
2018-05-22,8419.87,8423.25,8004.58,8041.78,8838.3665
2018-05-23,8037.08,8054.66,7507.88,7557.82,8729.0645
2018-05-24,7561.12,7738.6,7331.14,7587.34,8623.3935
2018-05-25,7592.3,7659.14,7392.65,7480.14,8504.493
2018-05-26,7486.48,7595.16,7349.12,7355.88,8389.547
2018-05-27,7362.08,7381.74,7270.96,7368.22,8289.3075
2018-05-28,7371.31,7419.05,7100.89,7135.99,8184.366
2018-05-29,7129.46,7526.42,7090.68,7472.59,8091.7365
2018-05-30,7469.73,7573.77,7313.6,7406.52,8009.8655
2018-05-31,7406.15,7608.9,7361.13,7494.17,7962.4995
2018-06-01,7500.7,7604.73,7407.34,7541.45,7914.3275
2018-06-02,7536.72,7695.83,7497.26,7643.45,7860.303
2018-06-03,7632.09,7754.89,7613.04,7720.25,7810.476
2018-06-04,7722.53,7753.82,7474.04,7514.47,7760.6805
2018-06-05,7500.9,7643.23,7397,7633.76,7723.927
2018-06-06,7625.97,7680.43,7502.01,7653.98,7701.91
2018-06-07,7650.82,7741.27,7650.82,7678.24,7673.2735
2018-06-08,7685.14,7698.19,7558.4,7624.92,7642.1605
2018-06-09,7632.52,7683.58,7531.98,7531.98,7593.097
2018-06-10,7499.55,7499.55,6709.07,6786.02,7511.4485
2018-06-11,6799.29,6910.18,6706.63,6906.92,7454.7055
2018-06-12,6905.82,6907.96,6542.08,6582.36,7405.9325
2018-06-13,6596.88,6631.66,6285.63,6349.9,7344.0605
2018-06-14,6342.75,6707.14,6334.46,6675.35,7303.821
2018-06-15,6674.08,6681.08,6433.87,6456.58,7258.856
2018-06-16,6455.45,6592.49,6402.29,6550.16,7217.953
2018-06-17,6545.53,6589.11,6499.27,6499.27,7186.117
2018-06-18,6510.07,6781.14,6446.68,6734.82,7149.2285
2018-06-19,6742.39,6822.5,6709.92,6769.94,7117.3995
2018-06-20,6770.76,6821.56,6611.88,6776.55,7081.5185
2018-06-21,6780.09,6810.94,6715.17,6729.74,7040.933
2018-06-22,6737.88,6747.08,6006.6,6083.69,6962.945
2018-06-23,6090.1,6224.82,6071.81,6162.48,6885.0565
2018-06-24,6164.28,6223.78,5826.41,6173.23,6817.9945
2018-06-25,6171.97,6327.37,6119.68,6249.18,6748.7655
2018-06-26,6253.55,6290.16,6093.67,6093.67,6670.75
2018-06-27,6084.4,6180,6052.85,6157.13,6594.6945
2018-06-28,6153.16,6170.41,5873.05,5903.44,6508.6205
2018-06-29,5898.13,6261.66,5835.75,6218.3,6442.9365
2018-06-30,6214.22,6465.51,6214.22,6404,6423.8355
2018-07-01,6411.68,6432.85,6289.29,6385.82,6397.7805
2018-07-02,6380.38,6683.86,6305.7,6614.18,6399.3715
2018-07-03,6596.66,6671.37,6447.75,6529.59,6408.356
2018-07-04,6550.87,6771.92,6450.46,6597.55,6404.466
2018-07-05,6599.71,6749.54,6546.65,6639.14,6413.594
2018-07-06,6638.69,6700.94,6533.55,6673.5,6419.761
2018-07-07,6668.71,6863.99,6579.24,6856.93,6437.644
2018-07-08,6857.8,6885.91,6747.98,6773.88,6439.597
2018-07-09,6775.08,6838.68,6724.34,6741.75,6438.1875
2018-07-10,6739.21,6767.74,6320.72,6329.95,6415.8575
2018-07-11,6330.77,6444.96,6330.47,6394.71,6399.106
2018-07-12,6396.78,6397.1,6136.42,6228.81,6406.362
2018-07-13,6235.03,6310.55,6192.24,6238.05,6410.1405
2018-07-14,6247.5,6298.19,6212.22,6276.12,6415.285
2018-07-15,6272.7,6403.46,6256.51,6359.64,6420.808
2018-07-16,6357.01,6741.75,6357.01,6741.75,6453.212
2018-07-17,6739.65,7387.24,6684.17,7321.04,6511.4075
2018-07-18,7315.32,7534.99,7280.47,7370.78,6584.7745
2018-07-19,7378.2,7494.46,7295.46,7466.86,6647.2025
2018-07-20,7467.4,7594.67,7323.26,7354.13,6694.709
2018-07-21,7352.72,7437.64,7262.41,7419.29,6746.3825
2018-07-22,7417.8,7537.95,7383.82,7418.49,6786.598
2018-07-23,7414.71,7771.5,7409.1,7711.11,6845.674
2018-07-24,7716.51,8424.27,7705.5,8424.27,6937.01
2018-07-25,8379.66,8416.87,8086.36,8181.39,7014.1225
2018-07-26,8176.85,8290.33,7878.71,7951.58,7078.0265
2018-07-27,7950.4,8262.66,7839.76,8165.01,7143.4305
2018-07-28,8169.06,8222.85,8110.77,8192.15,7214.344
2018-07-29,8205.82,8272.26,8141.18,8218.46,7288.1795
2018-07-30,8221.58,8235.5,7917.5,8180.48,7380.706
2018-07-31,8181.2,8181.53,7696.93,7780.44,7449.9925
2018-08-01,7769.04,7769.04,7504.95,7624.91,7519.7975
2018-08-02,7634.19,7712.77,7523.44,7567.15,7586.2525
2018-08-03,7562.14,7562.14,7328.65,7434.39,7644.166
2018-08-04,7438.67,7497.49,6984.07,7032.85,7677.8265
2018-08-05,7031.08,7102.77,6940.7,7068.48,7694.163
2018-08-06,7062.94,7166.55,6890.54,6951.8,7675.701
2018-08-07,6958.32,7146.56,6748.24,6753.12,7644.818
2018-08-08,6746.85,6746.85,6226.22,6305.8,7586.765
2018-08-09,6305.56,6625.73,6249.07,6568.23,7547.47
2018-08-10,6571.42,6591.26,6124.52,6184.71,7485.741
2018-08-11,6185.79,6455.74,6109.03,6295.73,7429.603
2018-08-12,6283.65,6409.85,6237.5,6322.69,7360.182
2018-08-13,6341.36,6537.05,6225.72,6297.57,7253.847
2018-08-14,6287.66,6287.94,5971.05,6199.71,7154.763
2018-08-15,6221.42,6588.49,6221.42,6308.52,7072.61
2018-08-16,6294.23,6473.5,6276.41,6334.73,6981.096
2018-08-17,6340.91,6582.5,6324.97,6580.63,6900.52
2018-08-18,6583.43,6617.35,6353.73,6423.76,6810.785
2018-08-19,6422.57,6537.98,6361.55,6506.07,6727.0645
2018-08-20,6500.51,6536.92,6297.93,6308.53,6653.469
2018-08-21,6301.07,6500.87,6298.24,6488.76,6596.6615
2018-08-22,6486.25,6816.79,6310.11,6376.71,6537.1395
2018-08-23,6371.34,6546.54,6371.34,6534.88,6492.164
2018-08-24,6551.52,6719.96,6498.64,6719.96,6476.5195
2018-08-25,6719.95,6789.63,6700.96,6763.19,6461.255
2018-08-26,6754.64,6774.75,6620.75,6707.26,6449.028
2018-08-27,6710.8,6884.64,6689.71,6884.64,6455.604
2018-08-28,6891.08,7109.56,6882.34,7096.28,6495.128
2018-08-29,7091.71,7113.3,6970.82,7047.16,6519.0745
2018-08-30,7043.76,7072.69,6834.69,6978.23,6558.7505
2018-08-31,6973.97,7057.17,6920.16,7037.58,6595.843
2018-09-01,7044.81,7242.29,7038.05,7193.25,6639.371
2018-09-02,7189.58,7306.31,7132.16,7272.72,6688.1285
2018-09-03,7279.03,7317.94,7208.15,7260.06,6741.146
2018-09-04,7263,7388.26,7255.44,7361.66,6793.803
2018-09-05,7361.46,7388.43,6792.83,6792.83,6816.708
2018-09-06,6755.14,6755.14,6404.72,6529.17,6814.135
2018-09-07,6528.92,6555.29,6396.87,6467.07,6816.3005
2018-09-08,6460.17,6534.25,6197.52,6225.98,6802.296
2018-09-09,6223.38,6446.26,6201.22,6300.86,6801.9125
2018-09-10,6301.57,6374.98,6292.76,6329.7,6793.9595
2018-09-11,6331.88,6398.92,6260.21,6321.2,6791.184
2018-09-12,6317.01,6363.87,6265.09,6351.8,6782.03
2018-09-13,6354.24,6535.41,6354.24,6517.31,6771.8975
2018-09-14,6515.41,6596.1,6456.17,6512.71,6759.3735
2018-09-15,6509.4,6561.72,6493.55,6543.2,6751.1705
2018-09-16,6536.68,6544.33,6460.1,6517.18,6732.7975
2018-09-17,6514.06,6540.21,6257.52,6281.2,6692.0435
2018-09-18,6280.91,6384.18,6265.71,6371.3,6658.2505
2018-09-19,6371.85,6448.46,6208.34,6398.54,6629.266
2018-09-20,6398.85,6529.26,6395.95,6519.67,6603.3705
2018-09-21,6513.87,6794.33,6496.36,6734.95,6580.4555
2018-09-22,6735.05,6814.56,6616.8,6721.98,6552.9185
2018-09-23,6715.32,6766.15,6679.42,6710.63,6525.447
2018-09-24,6704.77,6713.56,6580.9,6595.41,6487.1345
2018-09-25,6603.64,6603.64,6381.86,6446.47,6469.8165
2018-09-26,6452.79,6585.91,6397.89,6495,6468.108
2018-09-27,6495.29,6712.1,6464.95,6676.75,6478.592
2018-09-28,6678.75,6785.03,6598.32,6644.13,6499.4995
2018-09-29,6643.1,6643.1,6511.65,6601.96,6514.5545
2018-09-30,6604.71,6643.78,6566.54,6625.56,6529.3475
2018-10-01,6619.85,6653.3,6549.08,6589.62,6542.7685
2018-10-02,6593.24,6611.84,6537.9,6556.1,6552.9835
2018-10-03,6553.86,6571.46,6454.03,6502.59,6552.2475
2018-10-04,6497.91,6603.31,6497.91,6576.69,6555.4465
2018-10-05,6574.15,6623.62,6557.41,6622.48,6559.4105
2018-10-06,6622.45,6628.54,6577.8,6588.31,6562.967
2018-10-07,6590.68,6641.49,6557.04,6602.95,6579.0545
2018-10-08,6600.19,6675.06,6576.04,6652.23,6593.101
2018-10-09,6653.08,6661.41,6606.94,6642.64,6605.306
2018-10-10,6640.29,6640.29,6538.96,6585.53,6608.599
2018-10-11,6586.74,6586.74,6243.74,6256.24,6584.6635
2018-10-12,6239.25,6328.5,6236.47,6274.58,6562.2935
2018-10-13,6278.08,6308.51,6259.81,6285.99,6541.0615
2018-10-14,6288.49,6363.21,6280.15,6290.93,6525.8375
2018-10-15,6292.64,6965.06,6258.68,6596.54,6533.341
2018-10-16,6601.41,6673.59,6571.37,6596.11,6538.3965
2018-10-17,6590.52,6601.21,6517.45,6544.43,6531.7805
2018-10-18,6542.33,6567.54,6450.04,6476.71,6523.4095
2018-10-19,6478.07,6493.68,6445.31,6465.41,6516.582
2018-10-20,6460.92,6497.72,6449,6489.19,6509.7635
2018-10-21,6490.09,6556.38,6476,6482.35,6504.4
2018-10-22,6486.05,6543.8,6462.98,6487.16,6500.953
2018-10-23,6472.36,6506.01,6451.27,6475.74,6499.6105
2018-10-24,6478.89,6521.99,6468.86,6495.84,6495.568
2018-10-25,6484.65,6504.65,6447.03,6476.29,6488.2585
2018-10-26,6468.44,6498.29,6449.61,6474.75,6482.5805
2018-10-27,6480.84,6507.41,6453.53,6480.38,6476.452
2018-10-28,6482.66,6502.28,6447.91,6486.39,6468.16
2018-10-29,6492.35,6503.6,6306.99,6332.63,6452.6595
2018-10-30,6337.04,6364.99,6310.14,6334.27,6440.0965
2018-10-31,6336.99,6349.16,6316.88,6317.61,6443.165
2018-11-01,6318.14,6547.14,6311.83,6377.78,6448.325
2018-11-02,6378.92,6396.86,6327.38,6388.44,6453.4475
2018-11-03,6387.24,6400.07,6342.37,6361.26,6456.964
2018-11-04,6365.47,6388.63,6294.57,6376.13,6445.9435
2018-11-05,6363.62,6480.59,6363.62,6419.66,6437.121
2018-11-06,6433.38,6463.55,6408.16,6461.01,6432.95
2018-11-07,6468.5,6552.16,6468.31,6530.14,6435.6215
2018-11-08,6522.27,6536.92,6438.53,6453.72,6435.037
2018-11-09,6442.6,6456.46,6373.37,6385.62,6429.8585
2018-11-10,6386.13,6437.28,6385.31,6409.22,6426.202
2018-11-11,6413.63,6423.25,6350.17,6411.27,6422.4075
2018-11-12,6411.76,6434.21,6360.47,6371.27,6417.184
2018-11-13,6373.19,6395.27,6342.67,6359.49,6410.3665
2018-11-14,6351.24,6371.55,5544.09,5738.35,6373.4695
2018-11-15,5736.15,5774.82,5358.38,5648.03,6332.1335
2018-11-16,5645.32,5657.02,5498.94,5575.55,6286.892
2018-11-17,5578.58,5578.58,5519.56,5554.33,6240.289
2018-11-18,5559.74,5653.61,5559.74,5623.54,6204.8345
2018-11-19,5620.78,5620.78,4842.91,4871.49,6131.6955
2018-11-20,4863.93,4951.61,4272.11,4451.87,6038.4085
2018-11-21,4465.54,4675.73,4343.98,4602.17,5949.628
2018-11-22,4611.57,4629.64,4365.64,4365.94,5848.503
2018-11-23,4360.7,4396.42,4195.68,4347.11,5747.7955
2018-11-24,4347.69,4413.09,3795.16,3880.76,5623.027
2018-11-25,3880.78,4120.87,3585.06,4009.97,5502.5425
2018-11-26,4015.07,4107.14,3643.92,3779.13,5368.4485
2018-11-27,3765.95,3862.96,3661.01,3820.72,5232.9775
2018-11-28,3822.47,4385.9,3822.47,4257.42,5123.1625
2018-11-29,4269,4413.02,4145.77,4278.85,5017.824
2018-11-30,4289.09,4322.98,3942.82,4017.27,4898.2265
2018-12-01,4024.46,4309.38,3969.71,4214.67,4788.3965
2018-12-02,4200.73,4301.52,4110.98,4139.88,4676.827
2018-12-03,4147.32,4155.98,3840.45,3894.13,4553.559
2018-12-04,3886.29,4075.63,3832.75,3956.89,4464.486
2018-12-05,3958.89,3969.54,3753.99,3753.99,4369.784
2018-12-06,3754.07,3874.97,3521.1,3521.1,4267.0615
2018-12-07,3512.59,3512.59,3280.23,3419.94,4160.342
2018-12-08,3421.91,3506.04,3350.65,3476.11,4052.9705
2018-12-09,3473.23,3685.31,3469.09,3614.23,3990.1075
2018-12-10,3612.05,3647.33,3470.14,3502.66,3942.647
2018-12-11,3497.55,3513.18,3392.25,3424.59,3883.768
2018-12-12,3421.46,3534.23,3413.48,3486.95,3839.8185
2018-12-13,3487.88,3489.74,3298.13,3313.68,3788.147
2018-12-14,3311.75,3329.56,3206.54,3242.48,3756.233
2018-12-15,3244,3275.38,3191.3,3236.76,3717.5725
2018-12-16,3236.27,3305.75,3233.82,3252.84,3691.258
2018-12-17,3253.12,3597.92,3253.12,3545.86,3677.515
2018-12-18,3544.76,3701.35,3487.17,3696.06,3649.447
2018-12-19,3706.82,3949.32,3687.23,3745.95,3622.802
2018-12-20,3742.2,4191.23,3728.97,4134.44,3628.6605
2018-12-21,4133.7,4198.43,3850.95,3896.54,3612.754
,755.76,782.53,742,,
,772.35,914.83,772.35,,
,886,974.47,868.45,,
,961.71,1045.08,946.09,,
,975.75,1075.39,956.33,,
,995.15,1060.71,994.62,,
,1043.01,1153.17,1043.01,,
,1158.26,1266.93,1016.05,,
,1146,1320.98,1145.49,,
,1300.34,1417.38,1226.6,,
,1268.09,1337.3,1135.17,,
,1158.29,1296.04,1120.09,,
,1270.47,1432.88,1270.47,,
,1397.48,1400.56,1286.21,,
,1365.21,1390.59,1290.6,,
,1292.63,1292.63,875.54,,
,1061.34,1090.23,780.92,,
,1016.44,1100.31,967.76,,
,1028.82,1093.22,1003.71,,
,1044.95,1167.11,1044.95,,
,1155.68,1155.68,1021.5,,
,1055.35,1089.1,930.74,,
,1004.17,1023.23,920.54,,
,987.48,1062.44,965.81,,
,1063.22,1104.66,1034.74,,
,1052.7,1080.6,996.78,,
,1055.75,1121.98,1042.12,,
,1111.78,1257.77,1111.78,,
,1246.7,1256.7,1169.08,,
,1184.13,1184.63,1058.97,,
,1071.09,1128.66,1034.5,,
,1119.37,1161.35,984.82,,
,1035.77,1035.77,757.98,,
,919.21,991.94,847.69,,
,964.67,969.03,805.06,,
,834.96,856.65,644.6,,
,707.74,796.44,574.42,,
,790.43,851.2,723.43,,
,755.84,845.09,755.84,,
,818.48,884,788.83,,
,882.47,917.4,825.58,,
,859.29,859.29,788.22,,
,817.51,875.94,817.51,,
,869.29,870.71,828.84,,
,844.28,926.43,844.28,,
,923.73,951.95,911.11,,
,934.79,950.01,917.85,,
,944.75,976.59,940.75,,
,973.35,982.93,915.45,,
,921.67,957.78,921.55,,
,943.57,965.27,892.95,,
,894.14,912.38,830.56,,
,849.26,875.93,802.67,,
,811.59,886.32,794.79,,
,861.59,879.53,818.55,,
,839.46,853.15,822.38,,
,845.28,880.39,842.32,,
,870.36,896.26,867.1,,
,877.93,890.11,855.12,,
,856.01,880.3,851.92,,
,871.76,876.38,852.42,,
,856.71,868.45,855.21,,
,856.19,867.95,840.28,,
,866.85,869.92,853.52,,
,853.82,853.82,809.93,,
,816.27,825.61,726.55,,
,752.57,773.77,696.17,,
,702.2,729.16,648.11,,
,730.16,748.03,682.7,,
,685.31,735.83,668.12,,
,724.41,742.51,683.27,,
,698.15,713.73,682.35,,
,691.22,702.78,594.1,,
,614.84,620.62,579.51,,
,611.78,623.17,587.86,,
,601.68,609.15,549.1,,
,551.64,551.64,460.09,,
,546.63,558.1,519.12,,
,556.72,567.09,521.2,,
,559.1,589.61,550.57,,
,562.1,577.57,523.09,,
,539.86,540.49,512.13,,
,542.57,545.38,526.08,,
,522.7,535.82,515.66,,
,524.29,526.38,470.44,,
,489.59,491.46,449.97,,
,450.29,466.21,444.86,,
,448.08,450.81,385.81,,
,385.9,409.93,368.63,,
,395,418.47,392.95,,
,397.25,400.53,363.8,,
,379.7,395.17,377.59,,
,387.31,418.97,383.53,,
,416.48,417.47,375.31,,
,379.95,387.72,369.82,,
,382.73,385.2,366.91,,
,370.38,393.06,369.94,,
,385.74,402.59,385.6,,
,400.86,429.25,390.61,,
,399.41,415.89,393.88,,
,415.02,430.54,412.47,,
,430.16,493.06,417.41,,
,493.16,526.47,482.66,,
,492.58,512.02,488.28,,
,502.88,531.7,502.88,,
,532.07,534.2,500.25,,
,511.14,518.03,502.56,,
,503.31,525.09,503.05,,
,524.04,567.89,523.26,,
,567.99,618.72,560.28,,
,616,621.89,578.55,,
,606.12,640.77,593.87,,
,621.2,646.7,621.03,,
,643.4,708.88,643.4,,
,707.06,707.06,600.21,,
,618.08,663.18,604.01,,
,662.11,684.87,647.03,,
,644.65,691.44,644.65,,
,683.91,697.76,670.51,,
,689.76,694.44,666.12,,
,670.46,674.4,637.54,,
,674.08,688.84,667.42,,
,686.59,784.34,686.59,,
,776.78,803.75,762.63,,
,784.58,827.46,784.24,,
,816.09,835.06,764.88,,
,793.34,795.76,710.18,,
,755.01,774.25,728.13,,
,752.9,759.53,718.47,,
,752.58,766.75,726.66,,
,727.01,736.98,669.83,,
,679.88,691.41,644.07,,
,687.17,741.31,675.32,,
,732.73,742.17,695.79,,
,731.14,739.05,700.99,,
,708.09,710.2,682.54,,
,708.72,718.83,668.83,,
,672.1,695.03,663.81,,
,695.07,715.58,686.79,,
,697.92,723.75,692.67,,
,717.19,719.28,692.49,,
,700.18,700.98,644.03,,
,646.67,651.64,572.95,,
,584.54,610.82,557.21,,
,602.14,617.19,575.62,,
,587.43,606.17,583.51,,
,588.52,590.33,562.87,,
,573.04,576.05,512.55,,
,516.15,572.26,516.15,,
,566.83,583.14,545.43,,
,558.5,585.54,557.07,,
,578.67,589.09,567.66,,
,580.43,597.08,577.32,,
,591.26,624.51,591.26,,
,619.44,623.43,583.75,,
,593.41,611.33,580.98,,
,610.26,611.64,596.4,,
,607.69,616.14,601.69,,
,605.44,608.81,595.59,,
,600.91,608.58,597.56,,
,594.34,594.34,511.89,,
,524.86,536.86,515.27,,
,532.71,538.96,491.23,,
,498.02,501.9,459,,
,478.38,523.54,467.47,,
,520.48,521.3,487.47,,
,490.41,503.22,488.85,,
,499.46,507.64,498.65,,
,499.38,521.8,494.07,,
,519.02,542.35,516.31,,
,538.51,541.02,519.37,,
,536.45,543.72,524.26,,
,527.19,527.19,456.88,,
,466.27,479.13,462.39,,
,474.77,475.36,426.47,,
,455.94,470.34,448.9,,
,460.73,461.21,432.77,,
,432.24,444.24,424.84,,
,442.29,443.62,419.68,,
,422.59,441.79,407.95,,
,436.21,458.8,436.21,,
,455.24,457.14,446.39,,
,453.82,479.13,447.11,,
,475.39,483.85,462.58,,
,464.15,481.44,455.18,,
,467.29,483.23,464.63,,
,474.36,479.65,457.61,,
,474.06,491.66,466.84,,
,492.07,503.2,488.42,,
,488.88,490.85,475.17,,
,476.16,478.32,433.96,,
,434.52,447.32,429.51,,
,446.5,446.5,422.81,,
,430.74,442.36,430.74,,
,434.51,439.43,431.47,,
,435.88,454,433.92,,
,450.42,480.66,446.8,,
,480.08,508.78,468.92,,
,500.84,513.43,474.36,,
,480.63,483.24,465.14,,
,469.31,469.31,443.69,,
,450.68,468.08,445.78,,
,462.44,470.9,458.12,,
,459.44,469.77,449.73,,
,451.14,481.14,450.57,,
,479.91,482.87,466.47,,
,472.33,483.7,461.42,,
,464.01,473.22,458.29,,
,469.68,471.59,462.99,,
,466.92,470.36,462.71,,
,466.83,467.95,448.64,,
,457.25,457.25,430.44,,
,433.87,435.46,410.46,,
,420.81,425.03,410.31,,
,412.57,420.55,399.91,,
,418.24,420.19,403.78,,
,407.35,413.72,402.43,,
,410.57,414.54,403.31,,
,406.8,411.4,376.08,,
,379.89,380.67,353.73,,
,356.97,370.95,353.61,,
,365.78,367.05,329.59,,
,334.26,334.26,308.49,,
,320.82,328.59,318.6,,
,320.21,323.55,284.93,,
,286.37,286.37,254.65,,
,280.39,303.59,280.12,,
,282.74,298.48,280.93,,
,287.68,316.17,287.35,,
,316.79,320.45,286.55,,
,295.67,307.1,291.33,,
,301.38,304.37,273.51,,
,273.33,285.97,273.33,,
,281.97,297.49,265,,
,271.75,279.55,271.09,,
,278.11,283.3,273.86,,
,283.28,283.51,278.47,,
,279.52,279.52,272.44,,
,275.35,285.6,273.65,,
,286.65,297.4,283.57,,
,296.16,297.07,287.29,,
,289.75,291.24,275.21,,
,284.12,284.55,278.51,,
,283.5,301.14,283.5,,
,295.45,298.69,290.93,,
,295.18,295.59,287.43,,
,289.3,291.58,284.25,,
,286.05,288.16,232.33,,
,231.65,231.75,218.12,,
,229.53,233.9,217.07,,
,217.91,220.37,193.26,,
,198.38,207.67,188.31,,
,197.85,201.88,189.58,,
,198.18,198.51,180.6,,
,185.42,185.59,170.26,,
,183.68,214,183.68,,
,212.67,222.79,204.87,,
,209.81,226.6,209.61,,
,222.8,222.8,211.12,,
,221.58,224.26,195.31,,
,197.09,213.36,195.93,,
,209.47,213.87,201.66,,
,210.29,224.82,207.79,,
,225.25,248.39,221.57,,
,247.34,251.2,233.81,,
,240.99,247.46,237.86,,
,244.84,245.11,227.49,,
,228.33,228.33,206.49,,
,218.65,221.44,209.11,,
,215.44,230.61,212.65,,
,229.04,231.75,218.67,,
,221.71,234.01,216.08,,
,231.33,236.99,228.44,,
,233.22,234.15,226.94,,
,231.1,231.17,225.84,,
,226.41,226.46,213.97,,
,220.45,226.15,220.09,,
,222.27,228.32,220.96,,
,227.55,227.93,224.25,,
,225.44,226.37,223,,
,226.51,230.76,224.56,,
,229.71,230.16,226.4,,
,227.62,227.71,224.5,,
,225.61,225.61,189.28,,
,188.71,199.4,188.71,,
,196.36,201.28,196.36,,
,199.69,201.83,195.24,,
,195.27,222.12,194.16,,
,209.63,212.17,207.98,,
,210.22,211.13,205.93,,
,207.4,208.47,201.74,,
,203.26,204.66,201.84,,
,203.51,206.22,203.09,,
,205.39,208.16,204.62,,
,205.17,206.93,203.38,,
,204.02,205.15,201.91,,
,204.13,205.58,203.35,,
,203.87,204.13,201.82,,
,202.34,204.78,201.55,,
,203.36,206.08,203.13,,
,204.51,205.92,203.52,,
,205.17,205.6,195.73,,
,197.2,198.12,196.35,,
,197.65,198.34,196.53,,
,197.54,203.75,197.33,,
,198.98,201.27,198.75,,
,200.74,200.74,199.53,,
,200.16,211.27,198.99,,
,207.1,210.82,206.57,,
,209.47,218.45,207.89,,
,218.9,221.65,216.8,,
,217.33,218.34,212.2,,
,211.99,213.32,209.51,,
,209.97,213.86,209.81,,
,212.48,213,208.87,,
,211.51,212.62,208.92,,
,210.15,210.51,206.13,,
,206.53,207.04,174.08,,
,181.9,184.25,170.19,,
,180.87,181.35,173.13,,
,175.36,175.85,172.87,,
,174.18,179.15,174.18,,
,177.18,177.18,147.85,,
,148.81,151.25,126.36,,
,131.14,138.89,125.76,,
,136.81,137.74,126.71,,
,126.42,127.03,119.56,,
,123.3,126.79,110.83,,
,113.13,118.88,101.77,,
,116.34,118.2,104.89,,
,107.91,111.84,102.45,,
,110.2,126.05,110.2,,
,122.72,123.23,115.3,,
,117.73,119.42,111.74,,
,113.4,120.84,111.62,,
,118.27,120.56,116.09,,
,116.38,116.62,107.42,,
,108.8,113.14,107.4,,
,110.34,110.6,102.48,,
,102.45,104.1,91.76,,
,91.65,96.09,83.47,,
,93.41,97.06,86.83,,
,92.04,98.9,91.03,,
,94.99,96.26,90.65,,
,91.58,92.78,87.69,,
,88.61,92.24,88.26,,
,90.66,91.11,85.52,,
,86.63,87.14,83.23,,
,84.28,85.34,82.83,,
,84.47,87.57,84.47,,
,85.38,96.81,85.38,,
,95.11,101.32,92.97,,
,101.68,108.55,100.69,,
,101.09,117.17,100.64,,
,115.84,119.09,107.58,,
,2534.82,2534.86,2389.52,,
,2434.5,2867.14,2434.5,,
,2700.55,2958.47,2592.56,,
,2608.87,2610.2,2359.3,,
,2400.74,2648.32,2370.59,,
,2583.71,2829.69,2481.36,,
,2784.68,3071.16,2730.31,,
,2786.6,2810.32,2275.07,,
,2412.36,2502.87,2346.68,,
,2390.02,2961.2,2332.48,,
,2891.55,2976.49,2396.84,,
,2475.9,2648.23,2413.33,,
,2617.66,2850.27,2589.03,,
,2687.1,2746.61,2490.04,,
,2541.58,2576.13,2328.31,,
,2406.86,2406.86,1555.97,,
,1767.58,1875.08,1361.02,,
,1752.27,1893.47,1696.25,,
,1740.17,1870.78,1723.87,,
,1784.26,2124.45,1780.45,,
,2033.7,2033.7,1733.99,,
,1794.46,1815.42,1525.5,,
,1623.14,1700.34,1504.72,,
,1622.15,1703.34,1575.42,,
,1661.04,1707.7,1611.04,,
,1637.19,1678.63,1500.37,,
,1602.5,1665.81,1567.78,,
,1636.41,1762.34,1636.41,,
,1745.36,1763.24,1638.33,,
,1657.69,1662.07,1468.17,,
,1470.74,1522.87,1406.25,,
,1491.12,1503.3,1214.88,,
,1272.5,1272.5,980.78,,
,1194.23,1314.43,1072.83,,
,1273.17,1286.98,1101.31,,
,1159.89,1172.7,839.95,,
,890.97,978.91,764.02,,
,971.08,1040.49,902.49,,
,951.57,1345.2,951.57,,
,1273.87,1342.41,1206.39,,
,1311.99,1394.81,1215.72,,
,1255.59,1306.2,1197.87,,
,1222.43,1302.66,1222.43,,
,1285.23,1289.42,1205.73,,
,1229.18,1384.06,1229.18,,
,1358.65,1400.71,1330.18,,
,1373.16,1558.66,1369.68,,
,1548.48,1568.64,1517.14,,
,1552.1,1641.4,1428.49,,
,1483.34,1553.81,1483.34,,
,1543.27,1569.03,1414.35,,
,1412.85,1423.94,1293.47,,
,1304.66,1350.34,1194.05,,
,1217.36,1319.33,1161.42,,
,1266.56,1309.38,1149.48,,
,1191.35,1210.2,1143.07,,
,1177.58,1274.86,1149.44,,
,1255.45,1297.69,1231.99,,
,1243.26,1275.66,1204.16,,
,1204.84,1303.45,1195.03,,
,1284.95,1303.66,1255.37,,
,1274.67,1302.8,1257.76,,
,1267.86,1289.72,1225.1,,
,1287.1,1291.88,1268.03,,
,1264.19,1264.19,1179.85,,
,1205.84,1218.84,1043.7,,
,1094.64,1113.61,1006.86,,
,1034.69,1071.65,937.97,,
,1071.15,1087.3,994.19,,
,1002.55,1157.07,973.35,,
,1143.94,1152.56,1022.03,,
,1051.07,1100.07,999.75,,
,1071.5,1073.12,924.41,,
,949.77,954.41,877.1,,
,943.6,1053.63,902.78,,
,974.7,1028.73,930.44,,
,948.28,948.28,851.61,,
,942.6,997.28,915.51,,
,998.17,1072.42,958.51,,
,1066.03,1082.35,1016.37,,
,1033.26,1064.22,992.55,,
,1011.83,1019.43,966.4,,
,1028.12,1030.43,982.3,,
,973.6,991.07,965.52,,
,967.9,975.61,887,,
,916.99,926.38,876.33,,
,876.36,897.63,852.88,,
,861.61,867.31,703.18,,
,712.41,766.97,677.53,,
,697.62,735.82,683.99,,
,688.01,699.05,629.93,,
,644.46,686.03,641.43,,
,664.15,719.77,660.34,,
,710.47,711.27,638.01,,
,648.63,655.52,620.1,,
,641.86,646.08,603.71,,
,611.2,652.59,610.41,,
,640.89,659.81,640.89,,
,656.09,680.6,627.32,,
,637.7,657.01,628.86,,
,648.9,666.58,648.9,,
,666.39,734.48,658.93,,
,735.78,781.13,725.4,,
,738.72,760.48,723.22,,
,741.91,785.35,741.91,,
,781.12,797.88,745.73,,
,766.7,784.49,755.38,,
,758.25,893.57,757.39,,
,890.66,983.58,878.45,,
,970.15,1142.5,947.88,,
,1126.86,1172.28,1028.03,,
,1147.48,1250.51,1116.27,,
,1194.71,1443.27,1194.71,,
,1434.01,1560.94,1414.11,,
,1426.71,1437.18,1246.61,,
,1289.54,1420.41,1250.86,,
,1422.06,1422.06,1337.85,,
,1337.96,1418.61,1334.27,,
,1393.99,1477.31,1378.01,,
,1440.96,1440.96,1339.36,,
,1348.64,1351.28,1261.6,,
,1353.54,1480.58,1326.91,,
,1459.55,1536.8,1454.97,,
,1501.4,1538.46,1466.21,,
,1516.74,1753.11,1515.07,,
,1758.83,1838.49,1670.34,,
,1766.66,1781.47,1590.3,,
,1673.07,1693.35,1569.44,,
,1607.87,1679.03,1484.29,,
,1646.15,1669.83,1523.56,,
,1527.49,1556.64,1332.58,,
,1376.05,1501.65,1284.44,,
,1474.76,1507.88,1427.09,,
,1489.33,1501.64,1353.79,,
,1430.28,1456.35,1323.31,,
,1341.89,1359.36,1241.99,,
,1290.22,1335.41,1185.99,,
,1202.2,1218,1143.12,,
,1206.61,1208.99,1159.66,,
,1183.2,1306.95,1174.97,,
,1296.03,1301.55,1221.57,,
,1233.7,1233.7,1131.93,,
,1142.25,1153.91,978.27,,
,1005.01,1078.36,958.82,,
,1072.74,1073.05,998.52,,
,1015.68,1046.49,1001.18,,
,1009.2,1009.79,982.27,,
,996.65,1005.65,884.05,,
,896.85,1003.51,880.89,,
,990.07,1025.64,954.89,,
,983.57,1027.73,975.4,,
,995.66,1010.34,979.83,,
,1003.33,1093.86,996.59,,
,1083.13,1190.57,1074.82,,
,1170.78,1206.53,1086.85,,
,1110.07,1158.73,1064.72,,
,1157.33,1157.33,1107.21,,
,1135.15,1166.25,1133.34,,
,1145.34,1149.8,1096.91,,
,1117.35,1137.32,1092.13,,
,1087.46,1087.46,909.61,,
,937.63,975.83,906.01,,
,957.14,960.15,862.45,,
,876.89,881.13,818.62,,
,844.36,898.93,832.88,,
,896.43,897.09,843.08,,
,847.16,861.46,839.34,,
,853.06,865.08,849.22,,
,849.81,892.96,830.29,,
,885.99,918.2,878.48,,
,905.71,906.48,866.06,,
,890.64,900.72,869.14,,
,874.97,876.38,735.41,,
,755.24,776.89,742.33,,
,764.62,767.02,676.94,,
,748.63,774.65,739.04,,
,757.25,757.7,700.26,,
,698.28,719.93,691.39,,
,714.7,720.24,651.21,,
,663,729.55,652.81,,
,717.04,762.92,717.04,,
,749.18,752.91,719.76,,
,739.25,798.31,724.32,,
,775.07,819.37,754.82,,
,757.93,808.23,742.93,,
,763.29,779.14,725.12,,
,748.48,748.67,705.11,,
,736.76,775.82,715.29,,
,775.78,784.44,745.82,,
,751.57,757.37,731.35,,
,732.86,739.2,688.63,,
,688.87,713.76,688.87,,
,706.98,706.98,669.52,,
,686.65,708.75,686.65,,
,696.42,707.05,690.69,,
,702.99,731.57,698.76,,
,724.48,806.93,718.95,,
,803.12,863.29,784.92,,
,849.77,880.98,814.59,,
,828.43,840.43,808.73,,
,823.4,823.4,765.18,,
,767.88,797.06,750.72,,
,788.47,820.1,781.3,,
,789.69,828.39,783.52,,
,785.6,871.47,778.65,,
,863.2,870.66,822.51,,
,830.74,855.97,795.74,,
,804.35,829.42,785.59,,
,821.49,826.43,803.73,,
,821.01,835.62,813.79,,
,828.55,829.87,790.12,,
,816.73,816.73,766.34,,
,779.95,779.95,740.32,,
,767.67,773.73,726.92,,
,732.8,732.8,704.59,,
,723.27,735.04,691.58,,
,696.07,715.52,687.86,,
,711.01,718.65,684.44,,
,692.63,712.34,653.78,,
,660.05,660.05,575.64,,
,590.52,619.54,581.33,,
,610.35,612.66,564.95,,
,571.89,582.59,548.48,,
,564.44,580.8,561.09,,
,571.02,591.86,529.04,,
,534.98,534.98,481.43,,
,513.25,540.49,508.14,,
,512.87,538.27,506.84,,
,516.56,597.01,516.22,,
,597.67,606.92,541.05,,
,554.93,579.6,544.97,,
,570.11,575.63,513.12,,
,514.06,540.02,514.06,,
,535.15,570.61,512.11,,
,519.12,532,515.9,,
,531.55,537.54,522.85,,
,534.99,542.03,529.73,,
,536.49,536.49,516.58,,
,523.02,546.36,520.09,,
,545.08,570.98,541.24,,
,564.41,567.25,548.47,,
,554.07,556.52,527.92,,
,538.62,546.76,535.6,,
,543.96,628.08,542.26,,
,616.03,653.69,601.94,,
,648.33,650.69,622.23,,
,627.32,643.44,622.72,,
,626.2,631.76,530.23,,
,529.95,530.25,495.06,,
,518.77,526,496.14,,
,501.82,508.96,468.8,,
,474.63,493.95,466.3,,
,484.22,486.98,463.81,,
,468.35,476.13,433.16,,
,440.51,440.93,414.46,,
,433.54,472.58,433.54,,
,467.13,472.75,443.87,,
,447.58,458.81,446.41,,
,448.51,450.2,431.44,,
,450.38,460.49,413.04,,
,418.56,443.76,414.54,,
,433.19,438.71,414.28,,
,429.81,462.06,424.66,,
,457.52,506.44,449.38,,
,500.35,505.29,468.33,,
,487.71,504.14,478.07,,
,487.92,490.76,459.59,,
,462.11,462.35,428.91,,
,444.8,542.53,434.35,,
,514.77,585.36,514.77,,
,568.43,572.58,533.44,,
,538.99,553.48,514.26,,
,536.56,545.55,520.61,,
,531.64,539.95,522.32,,
,531.15,547.49,527.92,,
,531.64,531.64,508.73,,
,516.79,529.94,510.59,,
,513.9,522.51,510.63,,
,519.92,521.68,502.54,,
,509.63,519.39,506.65,,
,518.71,530.92,517.33,,
,526.9,528.55,513.12,,
,516.66,517.22,507.83,,
,511.77,511.77,431.85,,
,430.35,451.93,429.39,,
,443.18,450.22,442.66,,
,448.19,451.92,438.6,,
,438.65,487.21,433.82,,
,459.32,467.17,454.6,,
,458.85,459.87,446.29,,
,449.22,454.71,432.93,,
,438.31,443.43,433.38,,
,440.87,448.48,438.45,,
,447.54,455.96,445.77,,
,447.19,452.53,443.6,,
,447.17,449.79,438.25,,
,441.27,448.18,440.65,,
,442.18,443.58,439.15,,
,439.12,441.53,436.15,,
,438.6,439.82,435.83,,
,438.89,442.23,436.09,,
,440.21,440.9,414.61,,
,417.69,422.97,415.21,,
,422.23,424.62,411.52,,
,423.07,432.58,421.83,,
,424.24,469.88,424.24,,
,461.77,483.67,458.54,,
,478.54,586.04,478.51,,
,557.72,578.23,538.86,,
,558.55,628.51,551.29,,
,630.18,638.55,610.34,,
,616.53,619.16,573.9,,
,574.01,594.79,532.76,,
,542.88,562.9,535.79,,
,555.78,555.78,517.66,,
,533.57,536.9,502.73,,
,514.58,542.68,504.8,,
,511.63,525.27,421.2,,
,439.96,453.62,403.75,,
,421.2,423.43,388.82,,
,389.5,394.38,380.35,,
,387.63,412.87,380.02,,
,383.63,415.15,336.95,,
,336.31,336.5,199.09,,
,226.38,246.67,221.19,,
,236.21,239,211.47,,
,210.42,212.46,196.52,,
,207.66,217.04,177.22,,
,181.13,189.25,154.28,,
,184.83,215.77,170.62,,
,182,192.99,171.22,,
,179.14,198.55,176.36,,
,190.1,191.15,176.83,,
,181.09,187.5,168.08,,
,172.52,177.83,167.84,,
,171.94,180.26,171.65,,
,172.32,172.61,153.68,,
,159.64,160.33,149.05,,
,149.85,149.85,130.54,,
,130.52,131.79,107.44,,
,107.49,116.57,97.62,,
,106.24,109.96,99.84,,
,103.73,112.18,103,,
,109.6,110.96,103.38,,
,107.05,107.05,97.57,,
,101.71,105.8,99.43,,
,102.43,102.43,88.58,,
,90.24,91.98,77.72,,
,80.33,83.04,75.08,,
,77.37,83.48,77.37,,
,81.53,92.94,81.4,,
,90.31,105.78,87.59,,
,105.44,144.1,103.06,,
,126.28,200.08,125.21,,
,190.48,229.01,177.33,,
,961.02,985.59,883,,
,971.17,1070.1,958.84,,
,1064.77,1090.88,999.22,,
,998.39,1098.15,933.83,,
,1033.52,1117.96,1012.9,,
,1105.47,1216.9,1092.42,,
,1224.52,1267.32,1134.89,,
,1171.07,1220.78,1015.89,,
,1112.34,1259.56,941.55,,
,1097.69,1151.85,1004.02,,
,1073.67,1133.5,958.55,,
,1023.57,1413.17,985.34,,
,1326.24,1490.56,1326.24,,
,1432.76,1534.8,1267.44,,
,1387.46,1469.07,1201.05,,
,1236.23,1287.77,902.58,,
,1070.42,1123.67,782.74,,
,1055.24,1773.92,1026.1,,
,1676.44,1762.73,1458.94,,
,1573.92,1767.04,1562.56,,
,1692.21,1720.51,1537.69,,
,1586.42,1659.13,1390.24,,
,1515.2,1568.57,1425.9,,
,1526.66,1590.37,1478.97,,
,1544.26,1599.04,1321.09,,
,1348.45,1497.72,1348.45,,
,1464.07,1485.12,1335.97,,
,1448.22,1587.4,1424.63,,
,1489.39,1499.12,1307.31,,
,1402.36,1411.09,1251.44,,
,1280.96,1386.99,1243.83,,
,1387.76,1399.66,1189.36,,
,1269.93,1269.93,980.24,,
,1148.97,1254.39,1069.47,,
,1206.79,1209.65,1015.16,,
,1054.28,1069.87,725.43,,
,825.86,926.05,648.28,,
,913.46,1021.23,833.05,,
,914.3,1043.18,914.3,,
,1014.67,1100.89,964.55,,
,1086.68,1211.66,1021.71,,
,1062.9,1062.9,970.87,,
,1000.37,1104.46,998.92,,
,1074.88,1080.41,997.84,,
,1008.05,1124.53,1008.05,,
,1122.85,1165.78,1104.9,,
,1135.04,1173.16,1103.69,,
,1144.35,1216.14,1118.88,,
,1161.06,1166.15,1067.55,,
,1074.61,1173.63,1072.96,,
,1111.92,1162.49,1051.98,,
,1053.89,1079.43,968.27,,
,993.64,1028.23,939.82,,
,956.57,1056.67,938,,
,1031.9,1055.75,949.01,,
,982.4,1009.67,963.35,,
,997.31,1054.52,997.09,,
,1037.21,1067.51,1025.52,,
,1054.14,1080.4,1015.28,,
,1029.45,1057.16,1018.36,,
,1044.55,1050.54,1005.7,,
,1013.97,1033.89,987.27,,
,1002.14,1010.03,837.91,,
,996.58,1003.66,963.14,,
,965.59,974.3,940.61,,
,949.8,958.31,842.27,,
,855.71,902.77,819.73,,
,832.33,836.29,755.69,,
,827.33,852.11,788.38,,
,793.49,862.83,766.64,,
,825.42,862.59,782.82,,
,810.08,826.93,764.48,,
,803.39,825.74,731.71,,
,747.03,748.63,704.88,,
,735.94,741.94,696.47,,
,708.48,724.07,658.89,,
,666.82,677.02,572.83,,
,666.5,703.07,653.39,,
,701.15,718.61,664.73,,
,713.46,756.25,701.31,,
,709.68,730.79,679.16,,
,699.57,706.5,653.75,,
,713.16,714.77,675.89,,
,680.44,696.67,668.16,,
,679.49,684.3,608.78,,
,637.89,647.75,583.49,,
,587.05,604.7,578.2,,
,582.04,619.28,465.96,,
,496.89,525.23,474.42,,
,509.12,538.91,506.34,,
,517.66,523.06,473.2,,
,490.15,515.49,487.88,,
,503.19,535.36,500.88,,
,526.63,541.18,487.4,,
,502.11,506.33,478.8,,
,500.65,505.82,475.44,,
,484.11,519.1,481.21,,
,512.14,535.77,503.17,,
,527.12,557.09,515.18,,
,530.76,568.91,524.41,,
,569.93,591.49,560.1,,
,589.8,663.5,582.9,,
,660.71,732.19,644.03,,
,698.15,754.71,693.54,,
,716.89,770.71,716.89,,
,771.21,775.04,732.71,,
,741.57,770.4,738.92,,
,750.37,797.28,748.75,,
,776.08,877.7,773.07,,
,851.16,921.99,847.54,,
,910.54,918.99,882.91,,
,903.13,941.45,890.3,,
,920.55,959.67,919.74,,
,960.51,1047.54,960.51,,
,1046.34,1046.34,898.27,,
,905.87,1015.48,890.07,,
,1012.26,1055.39,989.48,,
,990.18,1077.75,990.05,,
,1064.56,1081.17,1038.98,,
,1075.43,1077,1046.61,,
,1051.01,1051.01,1003.65,,
,1041.01,1063.11,1029.54,,
,1038.69,1145.04,1037.58,,
,1132.16,1184.22,1107.9,,
,1144.3,1194.44,1082.48,,
,1161.75,1162.32,974.86,,
,1068.58,1078.2,972.54,,
,1029.14,1037.71,997.31,,
,1007.16,1053.88,977.52,,
,1025.05,1112.16,1016.19,,
,1071.24,1071.24,952.77,,
,950.01,957.02,899.64,,
,937.46,997.28,930.84,,
,990.55,992.92,950.9,,
,957.23,976.55,917.32,,
,926.87,929.82,871.59,,
,900.24,914.3,862.84,,
,868.44,909.06,858.28,,
,906.89,918.83,883.39,,
,894.06,945.23,886.09,,
,923.87,931.03,898.22,,
,903.36,905.67,855.27,,
,858.3,866.59,746.69,,
,758.74,782.53,736.49,,
,781.83,793.27,761.67,,
,779.66,799.53,755.51,,
,756.75,770.65,741.15,,
,771.08,780.92,701.27,,
,703.19,751.7,695.84,,
,751.51,769.34,731.56,,
,740.03,764.76,734.52,,
,753.51,772.95,746.13,,
,769.23,789.39,757.72,,
,787.33,808.57,774.66,,
,807.58,843.24,782.85,,
,787.57,819.35,701.1,,
,797.38,801.38,695.18,,
,796.92,812.46,791.02,,
,796.51,805.42,776.8,,
,786.26,798.31,782.63,,
,784.52,784.52,670.98,,
,686.98,701.78,671.24,,
,695.41,697.27,642.23,,
,650,650,595.31,,
,604.8,620.11,574.14,,
,620.16,621.77,568.13,,
,573.59,578.53,539.03,,
,556.68,586.98,531.74,,
,538.64,567.11,494.29,,
,548.25,571.83,542.55,,
,566.46,614.33,539.99,,
,570.16,611.6,554.26,,
,571.6,586.47,514.52,,
,526.58,545.22,521.69,,
,537.95,539.76,485.68,,
,511.38,544.2,502.42,,
,522.62,525.13,484.63,,
,485.23,495.14,476.86,,
,492.2,496.24,479.09,,
,489.14,523.77,482,,
,521.51,539.45,521.51,,
,531.74,541.85,525.11,,
,532.13,574.01,520.05,,
,566.52,567.98,544.41,,
,546.44,580.69,540.12,,
,549.27,570.81,538.29,,
,549.72,558.21,544.89,,
,547.4,572.32,536.42,,
,570.99,586.5,568.86,,
,576.37,582.9,567.78,,
,568.79,579.99,548.69,,
,554.76,571.69,544.4,,
,567.68,573.68,545.27,,
,556.89,567.69,552.14,,
,559.37,563.68,555.24,,
,556.98,584.5,543.49,,
,574.22,598.51,563.13,,
,598.97,673.95,590.24,,
,667.85,685.71,618.96,,
,648.48,650.27,616.48,,
,616.26,623.19,597.86,,
,603.86,628.52,596.21,,
,622.07,628.65,606.14,,
,608.36,628.74,607.65,,
,609.84,645.18,603.36,,
,640.45,649.4,625.54,,
,642.74,667.33,628.05,,
,631.83,650.55,622.59,,
,649.91,651.42,623.43,,
,627.45,653.42,627.24,,
,650.98,650.98,613.51,,
,636.66,638.38,605.18,,
,609.45,610.3,584.47,,
,592.69,599.07,561.28,,
,584.32,589.53,555.68,,
,557.08,562.52,545.26,,
,549.39,565.58,540.19,,
,565.15,568.12,538.35,,
,541.86,554.22,511.24,,
,518.88,518.88,489.63,,
,510.1,519.84,497.7,,
,514.63,519.79,470.15,,
,474.74,482.6,438.74,,
,469.81,484.01,465.81,,
,475.32,479.75,417.91,,
,420.72,420.72,370.82,,
,403.54,431.01,401.72,,
,408.38,435.8,405.08,,
,424.48,447.24,420.84,,
,447.7,457.56,419.94,,
,433.54,461.59,432.16,,
,457.04,462.1,422.38,,
,423.22,439.5,421.27,,
,429.97,446.77,402.42,,
,411.82,434.45,404.11,,
,432.5,443.18,427.06,,
,439.31,447.68,433.86,,
,439.38,439.38,427.35,,
,429.18,453.98,426.49,,
,455.19,463.69,449.73,,
,462.14,469.06,448.82,,
,448.96,452.63,431.57,,
,440.59,449,429.26,,
,447.82,499.83,434.27,,
,485.81,511.86,481.97,,
,514.28,515.48,477.57,,
,474.63,491.62,463.67,,
,468.53,480.88,398.05,,
,412.12,412.12,375.34,,
,395.03,401.32,387.85,,
,389.41,393.28,341.42,,
,349.92,354.28,335.62,,
,341.3,344.65,335.12,,
,338.3,344.12,328.05,,
,331.85,333.37,291.36,,
,308.06,357.34,307.27,,
,354.18,418.42,352.52,,
,411.37,435.24,405.75,,
,431.42,431.42,405.76,,
,418.73,423.89,379.07,,
,383.44,438.93,378.25,,
,458.7,458.7,397.21,,
,406.17,419.35,387.79,,
,427.77,443.2,415.41,,
,439.75,505.11,419.42,,
,460.06,500.58,451.01,,
,478.09,478.09,448.78,,
,452.9,458.69,424.88,,
,445.32,461.33,429.82,,
,443.96,476.06,438.72,,
,471.7,481.3,465.27,,
,476.87,492.23,462.61,,
,491.82,497.81,472.05,,
,493.59,496.01,470.36,,
,485.12,522.43,473.42,,
,495.68,508.7,487.55,,
,503.56,531.77,495.41,,
,530.86,614.63,524.56,,
,608.64,645.96,606.89,,
,637.65,641.61,603.32,,
,627.49,778.7,627.49,,
,756.56,785.97,728.85,,
,738.42,740.28,628.01,,
,683.54,684.67,614.79,,
,637.07,654.3,635.08,,
,647.11,658.63,641.8,,
,643.45,658.27,640.62,,
,644.18,681.21,636.12,,
,680.56,706.01,655.44,,
,698.35,701.18,636.75,,
,644.58,681.71,635.98,,
,660.08,677.1,639.08,,
,673.12,678.35,670.45,,
,676.76,691.8,665.12,,
,681.22,686.16,668.92,,
,673.59,680.08,662.45,,
,663.56,692.21,660.16,,
,685.82,685.98,656.62,,
,657.21,658.85,630.93,,
,631.81,692.5,611.95,,
,623.58,631.73,613.28,,
,619.42,672.57,608.02,,
,631.39,643.98,613.71,,
,623.39,623.39,588.74,,
,588.45,654.64,565.14,,
,630.58,632.09,618.92,,
,623.41,625.55,615.72,,
,623.25,663.58,616.2,,
,645.84,664.53,641.17,,
,661.96,674.32,645.35,,
,674.97,682.93,647.43,,
,677.56,679.49,636.78,,
,663.14,665.85,642.2,,
,653.38,661.04,652.96,,
,657.38,709.42,655.54,,
,697.29,711.01,652.8,,
,696.2,702.28,681.66,,
,695.38,696.85,569.04,,
,573.9,582.49,522.92,,
,568.48,579.97,548.06,,
,566.06,580.53,558.11,,
,574.67,581.15,556.44,,
,572.32,572.32,394.53,,
,403.6,429.64,342.2,,
,423.95,452.37,403.47,,
,451.74,453.77,403.52,,
,400.58,407.47,368.02,,
,373.58,386.34,330.87,,
,336.99,337.57,286.67,,
,318.88,326.86,294.7,,
,322.85,332.05,310.96,,
,328.56,405.58,322.04,,
,381.01,387.13,349.42,,
,378.03,382.7,360.04,,
,360.6,391.98,343.26,,
,384.55,401.87,384.55,,
,397.22,405.43,384.02,,
,379.77,421.51,366.89,,
,421.37,425.72,367.98,,
,366.75,369.03,333.25,,
,342.5,344.39,308.22,,
,341.4,359.91,305.28,,
,341.11,363.76,340.99,,
,343.91,350.67,320.55,,
,328.03,332.56,303.47,,
,333.69,336.85,318.53,,
,318.6,444.31,317.16,,
,339.99,346.5,318.25,,
,339.53,342.73,326.84,,
,338.71,375.89,334.39,,
,358.78,416.4,200.05,,
,391.67,437,367.72,,
,431.01,457.46,425.52,,
,425.32,441.01,408.2,,
,435.83,440.2,414.48,,
